{
  "FaceRecords": [
    {
      "Face": {
        "FaceId": "a2ce9458-764b-56bd-801c-a5c652beac0c",
        "BoundingBox": {
          "Width": 0.5230769515037537,
          "Height": 0.5230769515037537,
          "Left": 0.18076923489570618,
          "Top": 0.2538461685180664
        },
        "ImageId": "133a28e0-46b3-58c1-b079-773945508b55",
        "ExternalImageId": "andrewMillington",
        "Confidence": 99.99989318847656
      },
      "FaceDetail": {
        "BoundingBox": {
          "Width": 0.5230769515037537,
          "Height": 0.5230769515037537,
          "Left": 0.18076923489570618,
          "Top": 0.2538461685180664
        },
        "AgeRange": {
          "Low": 26,
          "High": 43
        },
        "Smile": {
          "Value": true,
          "Confidence": 99.90282440185547
        },
        "Eyeglasses": {
          "Value": false,
          "Confidence": 99.9978256225586
        },
        "Sunglasses": {
          "Value": false,
          "Confidence": 99.59891510009766
        },
        "Gender": {
          "Value": "Male",
          "Confidence": 99.92841339111328
        },
        "Beard": {
          "Value": false,
          "Confidence": 97.11152648925781
        },
        "Mustache": {
          "Value": false,
          "Confidence": 99.48197174072266
        },
        "EyesOpen": {
          "Value": true,
          "Confidence": 96.98324584960938
        },
        "MouthOpen": {
          "Value": false,
          "Confidence": 94.56365966796875
        },
        "Emotions": [
          {
            "Type": "HAPPY",
            "Confidence": 99.86569213867188
          },
          {
            "Type": "ANGRY",
            "Confidence": 1.0987579822540283
          },
          {
            "Type": "CONFUSED",
            "Confidence": 0.9398579597473145
          }
        ],
        "Landmarks": [
          {
            "Type": "eyeLeft",
            "X": 0.35131096839904785,
            "Y": 0.45396700501441956
          },
          {
            "Type": "eyeRight",
            "X": 0.5323187708854675,
            "Y": 0.45054203271865845
          },
          {
            "Type": "nose",
            "X": 0.45063936710357666,
            "Y": 0.5407638549804688
          },
          {
            "Type": "mouthLeft",
            "X": 0.3606962561607361,
            "Y": 0.6301760077476501
          },
          {
            "Type": "mouthRight",
            "X": 0.5261385440826416,
            "Y": 0.621468186378479
          },
          {
            "Type": "leftPupil",
            "X": 0.35126936435699463,
            "Y": 0.45435959100723267
          },
          {
            "Type": "rightPupil",
            "X": 0.5335307121276855,
            "Y": 0.4516308903694153
          },
          {
            "Type": "leftEyeBrowLeft",
            "X": 0.28531691431999207,
            "Y": 0.4145181179046631
          },
          {
            "Type": "leftEyeBrowUp",
            "X": 0.3289359211921692,
            "Y": 0.3911905586719513
          },
          {
            "Type": "leftEyeBrowRight",
            "X": 0.3810882866382599,
            "Y": 0.3960702121257782
          },
          {
            "Type": "rightEyeBrowLeft",
            "X": 0.5106282830238342,
            "Y": 0.39930272102355957
          },
          {
            "Type": "rightEyeBrowUp",
            "X": 0.557751476764679,
            "Y": 0.39123034477233887
          },
          {
            "Type": "rightEyeBrowRight",
            "X": 0.5986158847808838,
            "Y": 0.40664204955101013
          },
          {
            "Type": "leftEyeLeft",
            "X": 0.31861746311187744,
            "Y": 0.45654013752937317
          },
          {
            "Type": "leftEyeRight",
            "X": 0.3847092390060425,
            "Y": 0.45674625039100647
          },
          {
            "Type": "leftEyeUp",
            "X": 0.3516014814376831,
            "Y": 0.4431847035884857
          },
          {
            "Type": "leftEyeDown",
            "X": 0.35066795349121094,
            "Y": 0.46207308769226074
          },
          {
            "Type": "rightEyeLeft",
            "X": 0.501020610332489,
            "Y": 0.45428311824798584
          },
          {
            "Type": "rightEyeRight",
            "X": 0.5637184977531433,
            "Y": 0.451259583234787
          },
          {
            "Type": "rightEyeUp",
            "X": 0.5318039655685425,
            "Y": 0.44068387150764465
          },
          {
            "Type": "rightEyeDown",
            "X": 0.5327828526496887,
            "Y": 0.45817089080810547
          },
          {
            "Type": "noseLeft",
            "X": 0.40701353549957275,
            "Y": 0.574573278427124
          },
          {
            "Type": "noseRight",
            "X": 0.49041855335235596,
            "Y": 0.5708591341972351
          },
          {
            "Type": "mouthUp",
            "X": 0.4498542547225952,
            "Y": 0.6197417974472046
          },
          {
            "Type": "mouthDown",
            "X": 0.45021653175354004,
            "Y": 0.670438826084137
          }
        ],
        "Pose": {
          "Roll": -1.9952669143676758,
          "Yaw": 5.896996974945068,
          "Pitch": 2.17049503326416
        },
        "Quality": {
          "Brightness": 55.287696838378906,
          "Sharpness": 99.99090576171875
        },
        "Confidence": 99.99989318847656
      }
    }
  ],
  "OrientationCorrection": "ROTATE_0"
}
