{
  "FaceRecords": [
    {
      "Face": {
        "FaceId": "d5ab4a16-b885-5e77-ac46-fc8ef2a8307b",
        "BoundingBox": {
          "Width": 0.692307710647583,
          "Height": 0.692307710647583,
          "Left": 0.13076923787593842,
          "Top": 0.08846154063940048
        },
        "ImageId": "21f3ea10-b8c1-502d-852a-7af79978688d",
        "ExternalImageId": "andrewWallace",
        "Confidence": 99.99872589111328
      },
      "FaceDetail": {
        "BoundingBox": {
          "Width": 0.692307710647583,
          "Height": 0.692307710647583,
          "Left": 0.13076923787593842,
          "Top": 0.08846154063940048
        },
        "AgeRange": {
          "Low": 35,
          "High": 52
        },
        "Smile": {
          "Value": true,
          "Confidence": 98.04872131347656
        },
        "Eyeglasses": {
          "Value": false,
          "Confidence": 99.93246459960938
        },
        "Sunglasses": {
          "Value": false,
          "Confidence": 99.4925537109375
        },
        "Gender": {
          "Value": "Male",
          "Confidence": 99.9288330078125
        },
        "Beard": {
          "Value": false,
          "Confidence": 99.90390014648438
        },
        "Mustache": {
          "Value": false,
          "Confidence": 99.84420776367188
        },
        "EyesOpen": {
          "Value": true,
          "Confidence": 99.99820709228516
        },
        "MouthOpen": {
          "Value": true,
          "Confidence": 95.54480743408203
        },
        "Emotions": [
          {
            "Type": "HAPPY",
            "Confidence": 97.57544708251953
          },
          {
            "Type": "CONFUSED",
            "Confidence": 1.5874803066253662
          },
          {
            "Type": "ANGRY",
            "Confidence": 0.600123405456543
          }
        ],
        "Landmarks": [
          {
            "Type": "eyeLeft",
            "X": 0.36888235807418823,
            "Y": 0.36787718534469604
          },
          {
            "Type": "eyeRight",
            "X": 0.5740010738372803,
            "Y": 0.370138019323349
          },
          {
            "Type": "nose",
            "X": 0.4901060461997986,
            "Y": 0.49268069863319397
          },
          {
            "Type": "mouthLeft",
            "X": 0.3707852065563202,
            "Y": 0.6001360416412354
          },
          {
            "Type": "mouthRight",
            "X": 0.5933125019073486,
            "Y": 0.5936671495437622
          },
          {
            "Type": "leftPupil",
            "X": 0.3690120577812195,
            "Y": 0.36859938502311707
          },
          {
            "Type": "rightPupil",
            "X": 0.5738399028778076,
            "Y": 0.36990728974342346
          },
          {
            "Type": "leftEyeBrowLeft",
            "X": 0.29142603278160095,
            "Y": 0.3158522844314575
          },
          {
            "Type": "leftEyeBrowUp",
            "X": 0.3492515981197357,
            "Y": 0.2812177240848541
          },
          {
            "Type": "leftEyeBrowRight",
            "X": 0.4177819490432739,
            "Y": 0.28874123096466064
          },
          {
            "Type": "rightEyeBrowLeft",
            "X": 0.5269563794136047,
            "Y": 0.29422593116760254
          },
          {
            "Type": "rightEyeBrowUp",
            "X": 0.5964309573173523,
            "Y": 0.28502577543258667
          },
          {
            "Type": "rightEyeBrowRight",
            "X": 0.6536320447921753,
            "Y": 0.32156163454055786
          },
          {
            "Type": "leftEyeLeft",
            "X": 0.32797715067863464,
            "Y": 0.369710773229599
          },
          {
            "Type": "leftEyeRight",
            "X": 0.4089547395706177,
            "Y": 0.3727954626083374
          },
          {
            "Type": "leftEyeUp",
            "X": 0.3694232702255249,
            "Y": 0.353290319442749
          },
          {
            "Type": "leftEyeDown",
            "X": 0.3687579035758972,
            "Y": 0.3790881633758545
          },
          {
            "Type": "rightEyeLeft",
            "X": 0.534498929977417,
            "Y": 0.37390291690826416
          },
          {
            "Type": "rightEyeRight",
            "X": 0.6137682199478149,
            "Y": 0.3719933331012726
          },
          {
            "Type": "rightEyeUp",
            "X": 0.5733028054237366,
            "Y": 0.3557474911212921
          },
          {
            "Type": "rightEyeDown",
            "X": 0.5745667815208435,
            "Y": 0.3817184865474701
          },
          {
            "Type": "noseLeft",
            "X": 0.42841458320617676,
            "Y": 0.5212571620941162
          },
          {
            "Type": "noseRight",
            "X": 0.5405358672142029,
            "Y": 0.5217294096946716
          },
          {
            "Type": "mouthUp",
            "X": 0.48476704955101013,
            "Y": 0.5728921294212341
          },
          {
            "Type": "mouthDown",
            "X": 0.48668810725212097,
            "Y": 0.6914413571357727
          }
        ],
        "Pose": {
          "Roll": -0.3012096881866455,
          "Yaw": 6.88129186630249,
          "Pitch": 3.3081212043762207
        },
        "Quality": {
          "Brightness": 49.77553176879883,
          "Sharpness": 99.98487854003906
        },
        "Confidence": 99.99872589111328
      }
    }
  ],
  "OrientationCorrection": "ROTATE_0"
}
