{
  "FaceRecords": [
    {
      "Face": {
        "FaceId": "67b59255-f679-5b6d-8e31-39187cb55ce8",
        "BoundingBox": {
          "Width": 0.5846154093742371,
          "Height": 0.5884615182876587,
          "Left": 0.2153846174478531,
          "Top": 0.23076923191547394
        },
        "ImageId": "37c4c525-fd1f-5b5c-8d29-ca1e33b3bf63",
        "ExternalImageId": "aramael",
        "Confidence": 100
      },
      "FaceDetail": {
        "BoundingBox": {
          "Width": 0.5846154093742371,
          "Height": 0.5884615182876587,
          "Left": 0.2153846174478531,
          "Top": 0.23076923191547394
        },
        "AgeRange": {
          "Low": 29,
          "High": 45
        },
        "Smile": {
          "Value": true,
          "Confidence": 99.84333801269531
        },
        "Eyeglasses": {
          "Value": true,
          "Confidence": 99.96856689453125
        },
        "Sunglasses": {
          "Value": false,
          "Confidence": 90.61389923095703
        },
        "Gender": {
          "Value": "Male",
          "Confidence": 99.9282455444336
        },
        "Beard": {
          "Value": false,
          "Confidence": 72.19683837890625
        },
        "Mustache": {
          "Value": false,
          "Confidence": 98.88819122314453
        },
        "EyesOpen": {
          "Value": true,
          "Confidence": 62.55946350097656
        },
        "MouthOpen": {
          "Value": false,
          "Confidence": 85.21797943115234
        },
        "Emotions": [
          {
            "Type": "HAPPY",
            "Confidence": 99.775146484375
          },
          {
            "Type": "CALM",
            "Confidence": 0.8885979652404785
          },
          {
            "Type": "DISGUSTED",
            "Confidence": 0.5098819732666016
          }
        ],
        "Landmarks": [
          {
            "Type": "eyeLeft",
            "X": 0.42407071590423584,
            "Y": 0.4591210186481476
          },
          {
            "Type": "eyeRight",
            "X": 0.6094975471496582,
            "Y": 0.4635753333568573
          },
          {
            "Type": "nose",
            "X": 0.5119977593421936,
            "Y": 0.5514016151428223
          },
          {
            "Type": "mouthLeft",
            "X": 0.4033682346343994,
            "Y": 0.6406969428062439
          },
          {
            "Type": "mouthRight",
            "X": 0.6104041934013367,
            "Y": 0.642427921295166
          },
          {
            "Type": "leftPupil",
            "X": 0.42473551630973816,
            "Y": 0.45870906114578247
          },
          {
            "Type": "rightPupil",
            "X": 0.6169540286064148,
            "Y": 0.46492573618888855
          },
          {
            "Type": "leftEyeBrowLeft",
            "X": 0.3443937599658966,
            "Y": 0.3985554873943329
          },
          {
            "Type": "leftEyeBrowUp",
            "X": 0.4058392345905304,
            "Y": 0.37693896889686584
          },
          {
            "Type": "leftEyeBrowRight",
            "X": 0.4733166992664337,
            "Y": 0.38820552825927734
          },
          {
            "Type": "rightEyeBrowLeft",
            "X": 0.5593157410621643,
            "Y": 0.39186957478523254
          },
          {
            "Type": "rightEyeBrowUp",
            "X": 0.6267935037612915,
            "Y": 0.38789236545562744
          },
          {
            "Type": "rightEyeBrowRight",
            "X": 0.6826967000961304,
            "Y": 0.4156908094882965
          },
          {
            "Type": "leftEyeLeft",
            "X": 0.3878263235092163,
            "Y": 0.46101894974708557
          },
          {
            "Type": "leftEyeRight",
            "X": 0.4607178866863251,
            "Y": 0.46067750453948975
          },
          {
            "Type": "leftEyeUp",
            "X": 0.42350804805755615,
            "Y": 0.45083799958229065
          },
          {
            "Type": "leftEyeDown",
            "X": 0.4244318902492523,
            "Y": 0.4656767249107361
          },
          {
            "Type": "rightEyeLeft",
            "X": 0.5719665288925171,
            "Y": 0.46265852451324463
          },
          {
            "Type": "rightEyeRight",
            "X": 0.6483980417251587,
            "Y": 0.4675440192222595
          },
          {
            "Type": "rightEyeUp",
            "X": 0.6094573736190796,
            "Y": 0.4564572870731354
          },
          {
            "Type": "rightEyeDown",
            "X": 0.6088529229164124,
            "Y": 0.46916741132736206
          },
          {
            "Type": "noseLeft",
            "X": 0.4633731544017792,
            "Y": 0.57940673828125
          },
          {
            "Type": "noseRight",
            "X": 0.5604520440101624,
            "Y": 0.5792526006698608
          },
          {
            "Type": "mouthUp",
            "X": 0.5116192102432251,
            "Y": 0.6148755550384521
          },
          {
            "Type": "mouthDown",
            "X": 0.5064213871955872,
            "Y": 0.7055490016937256
          }
        ],
        "Pose": {
          "Roll": 1.01814603805542,
          "Yaw": 0.6364073753356934,
          "Pitch": 6.242187976837158
        },
        "Quality": {
          "Brightness": 50.835514068603516,
          "Sharpness": 99.98487854003906
        },
        "Confidence": 100
      }
    }
  ],
  "OrientationCorrection": "ROTATE_0"
}
