{
  "FaceRecords": [
    {
      "Face": {
        "FaceId": "fe247bef-fcf9-5820-bebf-116a3878a504",
        "BoundingBox": {
          "Width": 0.7153846025466919,
          "Height": 0.7153846025466919,
          "Left": 0.10384615510702133,
          "Top": 0.0923076942563057
        },
        "ImageId": "22d90af6-0a52-5508-8f29-ccee459dbed5",
        "ExternalImageId": "jonathan",
        "Confidence": 99.99169158935547
      },
      "FaceDetail": {
        "BoundingBox": {
          "Width": 0.7153846025466919,
          "Height": 0.7153846025466919,
          "Left": 0.10384615510702133,
          "Top": 0.0923076942563057
        },
        "AgeRange": {
          "Low": 35,
          "High": 52
        },
        "Smile": {
          "Value": true,
          "Confidence": 98.60591125488281
        },
        "Eyeglasses": {
          "Value": false,
          "Confidence": 99.99998474121094
        },
        "Sunglasses": {
          "Value": false,
          "Confidence": 99.97042846679688
        },
        "Gender": {
          "Value": "Male",
          "Confidence": 99.92927551269531
        },
        "Beard": {
          "Value": true,
          "Confidence": 99.95001220703125
        },
        "Mustache": {
          "Value": true,
          "Confidence": 99.98573303222656
        },
        "EyesOpen": {
          "Value": true,
          "Confidence": 99.98220825195312
        },
        "MouthOpen": {
          "Value": false,
          "Confidence": 99.9401626586914
        },
        "Emotions": [
          {
            "Type": "HAPPY",
            "Confidence": 73.31848907470703
          },
          {
            "Type": "CONFUSED",
            "Confidence": 11.081236839294434
          },
          {
            "Type": "CALM",
            "Confidence": 5.504047870635986
          }
        ],
        "Landmarks": [
          {
            "Type": "eyeLeft",
            "X": 0.3282628357410431,
            "Y": 0.3908551335334778
          },
          {
            "Type": "eyeRight",
            "X": 0.5877552628517151,
            "Y": 0.38241875171661377
          },
          {
            "Type": "nose",
            "X": 0.46337124705314636,
            "Y": 0.5097741484642029
          },
          {
            "Type": "mouthLeft",
            "X": 0.37005871534347534,
            "Y": 0.6493054032325745
          },
          {
            "Type": "mouthRight",
            "X": 0.5714727640151978,
            "Y": 0.6425607800483704
          },
          {
            "Type": "leftPupil",
            "X": 0.32794129848480225,
            "Y": 0.39014968276023865
          },
          {
            "Type": "rightPupil",
            "X": 0.5835363864898682,
            "Y": 0.3750320076942444
          },
          {
            "Type": "leftEyeBrowLeft",
            "X": 0.2373647838830948,
            "Y": 0.32270821928977966
          },
          {
            "Type": "leftEyeBrowUp",
            "X": 0.3094345033168793,
            "Y": 0.2889804542064667
          },
          {
            "Type": "leftEyeBrowRight",
            "X": 0.39587706327438354,
            "Y": 0.3039144277572632
          },
          {
            "Type": "rightEyeBrowLeft",
            "X": 0.5223740935325623,
            "Y": 0.29775357246398926
          },
          {
            "Type": "rightEyeBrowUp",
            "X": 0.6002554297447205,
            "Y": 0.2796630859375
          },
          {
            "Type": "rightEyeBrowRight",
            "X": 0.6705178022384644,
            "Y": 0.3027266263961792
          },
          {
            "Type": "leftEyeLeft",
            "X": 0.27970820665359497,
            "Y": 0.395046591758728
          },
          {
            "Type": "leftEyeRight",
            "X": 0.37783563137054443,
            "Y": 0.3924671411514282
          },
          {
            "Type": "leftEyeUp",
            "X": 0.32757580280303955,
            "Y": 0.3711060583591461
          },
          {
            "Type": "leftEyeDown",
            "X": 0.3284408152103424,
            "Y": 0.4077024459838867
          },
          {
            "Type": "rightEyeLeft",
            "X": 0.5389028191566467,
            "Y": 0.38914498686790466
          },
          {
            "Type": "rightEyeRight",
            "X": 0.6382375359535217,
            "Y": 0.38144102692604065
          },
          {
            "Type": "rightEyeUp",
            "X": 0.5853167176246643,
            "Y": 0.36209192872047424
          },
          {
            "Type": "rightEyeDown",
            "X": 0.5893787145614624,
            "Y": 0.399871289730072
          },
          {
            "Type": "noseLeft",
            "X": 0.4131181836128235,
            "Y": 0.5540438890457153
          },
          {
            "Type": "noseRight",
            "X": 0.5149945616722107,
            "Y": 0.550805389881134
          },
          {
            "Type": "mouthUp",
            "X": 0.47027814388275146,
            "Y": 0.6192461252212524
          },
          {
            "Type": "mouthDown",
            "X": 0.47698768973350525,
            "Y": 0.667776882648468
          }
        ],
        "Pose": {
          "Roll": -2.3093395233154297,
          "Yaw": -0.719468355178833,
          "Pitch": 2.277035713195801
        },
        "Quality": {
          "Brightness": 55.377227783203125,
          "Sharpness": 99.99090576171875
        },
        "Confidence": 99.99169158935547
      }
    }
  ],
  "OrientationCorrection": "ROTATE_0"
}
