{
  "FaceRecords": [
    {
      "Face": {
        "FaceId": "087983d8-b5f1-5b65-a060-433fd918681a",
        "BoundingBox": {
          "Width": 0.6192307472229004,
          "Height": 0.6192307472229004,
          "Left": 0.13076923787593842,
          "Top": 0.10000000149011612
        },
        "ImageId": "8ff5e357-0cd0-59ef-8773-2c9ded1ee722",
        "ExternalImageId": "meng",
        "Confidence": 99.9996566772461
      },
      "FaceDetail": {
        "BoundingBox": {
          "Width": 0.6192307472229004,
          "Height": 0.6192307472229004,
          "Left": 0.13076923787593842,
          "Top": 0.10000000149011612
        },
        "AgeRange": {
          "Low": 29,
          "High": 45
        },
        "Smile": {
          "Value": false,
          "Confidence": 59.67328643798828
        },
        "Eyeglasses": {
          "Value": true,
          "Confidence": 86.36075592041016
        },
        "Sunglasses": {
          "Value": false,
          "Confidence": 99.9747314453125
        },
        "Gender": {
          "Value": "Male",
          "Confidence": 99.9289779663086
        },
        "Beard": {
          "Value": false,
          "Confidence": 50.01713180541992
        },
        "Mustache": {
          "Value": false,
          "Confidence": 90.08748626708984
        },
        "EyesOpen": {
          "Value": true,
          "Confidence": 99.97874450683594
        },
        "MouthOpen": {
          "Value": false,
          "Confidence": 99.9369888305664
        },
        "Emotions": [
          {
            "Type": "HAPPY",
            "Confidence": 67.213623046875
          },
          {
            "Type": "CONFUSED",
            "Confidence": 5.306702613830566
          },
          {
            "Type": "SAD",
            "Confidence": 3.8446366786956787
          }
        ],
        "Landmarks": [
          {
            "Type": "eyeLeft",
            "X": 0.32779762148857117,
            "Y": 0.3473234176635742
          },
          {
            "Type": "eyeRight",
            "X": 0.5355967879295349,
            "Y": 0.33271676301956177
          },
          {
            "Type": "nose",
            "X": 0.44370076060295105,
            "Y": 0.4429311454296112
          },
          {
            "Type": "mouthLeft",
            "X": 0.35610222816467285,
            "Y": 0.5640928745269775
          },
          {
            "Type": "mouthRight",
            "X": 0.5200968980789185,
            "Y": 0.5567303895950317
          },
          {
            "Type": "leftPupil",
            "X": 0.32719963788986206,
            "Y": 0.3466614782810211
          },
          {
            "Type": "rightPupil",
            "X": 0.5291142463684082,
            "Y": 0.3343158960342407
          },
          {
            "Type": "leftEyeBrowLeft",
            "X": 0.24214962124824524,
            "Y": 0.3030857443809509
          },
          {
            "Type": "leftEyeBrowUp",
            "X": 0.3010459840297699,
            "Y": 0.2612365782260895
          },
          {
            "Type": "leftEyeBrowRight",
            "X": 0.3754645884037018,
            "Y": 0.2724035978317261
          },
          {
            "Type": "rightEyeBrowLeft",
            "X": 0.4786570072174072,
            "Y": 0.26051607728004456
          },
          {
            "Type": "rightEyeBrowUp",
            "X": 0.5536940097808838,
            "Y": 0.2445489466190338
          },
          {
            "Type": "rightEyeBrowRight",
            "X": 0.6161468029022217,
            "Y": 0.28030312061309814
          },
          {
            "Type": "leftEyeLeft",
            "X": 0.2945634424686432,
            "Y": 0.35216987133026123
          },
          {
            "Type": "leftEyeRight",
            "X": 0.3616783916950226,
            "Y": 0.3487406075000763
          },
          {
            "Type": "leftEyeUp",
            "X": 0.3269853889942169,
            "Y": 0.334911584854126
          },
          {
            "Type": "leftEyeDown",
            "X": 0.32828643918037415,
            "Y": 0.35660335421562195
          },
          {
            "Type": "rightEyeLeft",
            "X": 0.5019239783287048,
            "Y": 0.34014129638671875
          },
          {
            "Type": "rightEyeRight",
            "X": 0.5715007185935974,
            "Y": 0.3318912088871002
          },
          {
            "Type": "rightEyeUp",
            "X": 0.5333400368690491,
            "Y": 0.3199332356452942
          },
          {
            "Type": "rightEyeDown",
            "X": 0.5367381572723389,
            "Y": 0.34220072627067566
          },
          {
            "Type": "noseLeft",
            "X": 0.39828768372535706,
            "Y": 0.4926913380622864
          },
          {
            "Type": "noseRight",
            "X": 0.4820193946361542,
            "Y": 0.4892083406448364
          },
          {
            "Type": "mouthUp",
            "X": 0.4384572207927704,
            "Y": 0.5456912517547607
          },
          {
            "Type": "mouthDown",
            "X": 0.43991923332214355,
            "Y": 0.5695874691009521
          }
        ],
        "Pose": {
          "Roll": -4.886641502380371,
          "Yaw": 4.676362037658691,
          "Pitch": -2.783317804336548
        },
        "Quality": {
          "Brightness": 57.10394287109375,
          "Sharpness": 99.99090576171875
        },
        "Confidence": 99.9996566772461
      }
    }
  ],
  "OrientationCorrection": "ROTATE_0"
}
