{
  "FaceRecords": [
    {
      "Face": {
        "FaceId": "485d435c-91d5-5a29-9083-bb0a6242d12d",
        "BoundingBox": {
          "Width": 0.5615384578704834,
          "Height": 0.5615384578704834,
          "Left": 0.23846153914928436,
          "Top": 0.19615384936332703
        },
        "ImageId": "daf019b5-d998-59e9-b8f0-af4ea6a17b83",
        "ExternalImageId": "sridhar",
        "Confidence": 99.9999771118164
      },
      "FaceDetail": {
        "BoundingBox": {
          "Width": 0.5615384578704834,
          "Height": 0.5615384578704834,
          "Left": 0.23846153914928436,
          "Top": 0.19615384936332703
        },
        "AgeRange": {
          "Low": 26,
          "High": 43
        },
        "Smile": {
          "Value": true,
          "Confidence": 87.20614624023438
        },
        "Eyeglasses": {
          "Value": true,
          "Confidence": 96.41148376464844
        },
        "Sunglasses": {
          "Value": false,
          "Confidence": 98.44779968261719
        },
        "Gender": {
          "Value": "Male",
          "Confidence": 99.92809295654297
        },
        "Beard": {
          "Value": true,
          "Confidence": 90.07254028320312
        },
        "Mustache": {
          "Value": false,
          "Confidence": 93.08891296386719
        },
        "EyesOpen": {
          "Value": true,
          "Confidence": 99.99095916748047
        },
        "MouthOpen": {
          "Value": false,
          "Confidence": 83.55399322509766
        },
        "Emotions": [
          {
            "Type": "HAPPY",
            "Confidence": 97.33573913574219
          },
          {
            "Type": "CALM",
            "Confidence": 4.324263572692871
          },
          {
            "Type": "SAD",
            "Confidence": 0.4715561866760254
          }
        ],
        "Landmarks": [
          {
            "Type": "eyeLeft",
            "X": 0.4110022783279419,
            "Y": 0.4176224172115326
          },
          {
            "Type": "eyeRight",
            "X": 0.6252644062042236,
            "Y": 0.4089116156101227
          },
          {
            "Type": "nose",
            "X": 0.532581090927124,
            "Y": 0.49860748648643494
          },
          {
            "Type": "mouthLeft",
            "X": 0.43748000264167786,
            "Y": 0.6156101822853088
          },
          {
            "Type": "mouthRight",
            "X": 0.630768895149231,
            "Y": 0.6050220727920532
          },
          {
            "Type": "leftPupil",
            "X": 0.4138264060020447,
            "Y": 0.41465795040130615
          },
          {
            "Type": "rightPupil",
            "X": 0.6261221766471863,
            "Y": 0.4053500294685364
          },
          {
            "Type": "leftEyeBrowLeft",
            "X": 0.3437385559082031,
            "Y": 0.3605996370315552
          },
          {
            "Type": "leftEyeBrowUp",
            "X": 0.40316954255104065,
            "Y": 0.3323482275009155
          },
          {
            "Type": "leftEyeBrowRight",
            "X": 0.47032392024993896,
            "Y": 0.33828896284103394
          },
          {
            "Type": "rightEyeBrowLeft",
            "X": 0.5680620670318604,
            "Y": 0.33451521396636963
          },
          {
            "Type": "rightEyeBrowUp",
            "X": 0.6307757496833801,
            "Y": 0.32363513112068176
          },
          {
            "Type": "rightEyeBrowRight",
            "X": 0.6903812885284424,
            "Y": 0.34653469920158386
          },
          {
            "Type": "leftEyeLeft",
            "X": 0.3706378638744354,
            "Y": 0.4249131381511688
          },
          {
            "Type": "leftEyeRight",
            "X": 0.4538196325302124,
            "Y": 0.4150184392929077
          },
          {
            "Type": "leftEyeUp",
            "X": 0.4092177152633667,
            "Y": 0.402482271194458
          },
          {
            "Type": "leftEyeDown",
            "X": 0.4115602970123291,
            "Y": 0.4304192364215851
          },
          {
            "Type": "rightEyeLeft",
            "X": 0.5824498534202576,
            "Y": 0.4102182686328888
          },
          {
            "Type": "rightEyeRight",
            "X": 0.6667184233665466,
            "Y": 0.41044318675994873
          },
          {
            "Type": "rightEyeUp",
            "X": 0.625045895576477,
            "Y": 0.3945075571537018
          },
          {
            "Type": "rightEyeDown",
            "X": 0.626163125038147,
            "Y": 0.42189666628837585
          },
          {
            "Type": "noseLeft",
            "X": 0.47925278544425964,
            "Y": 0.5301971435546875
          },
          {
            "Type": "noseRight",
            "X": 0.5751887559890747,
            "Y": 0.5281713008880615
          },
          {
            "Type": "mouthUp",
            "X": 0.5335232019424438,
            "Y": 0.5649065971374512
          },
          {
            "Type": "mouthDown",
            "X": 0.5415858626365662,
            "Y": 0.6656870245933533
          }
        ],
        "Pose": {
          "Roll": -2.854241371154785,
          "Yaw": 1.1120811700820923,
          "Pitch": 10.777970314025879
        },
        "Quality": {
          "Brightness": 46.712181091308594,
          "Sharpness": 99.9945297241211
        },
        "Confidence": 99.9999771118164
      }
    }
  ],
  "OrientationCorrection": "ROTATE_0"
}
