{
  "FaceRecords": [
    {
      "Face": {
        "FaceId": "26c8178e-3e18-5828-8680-972953fe822f",
        "BoundingBox": {
          "Width": 0.6730769276618958,
          "Height": 0.6730769276618958,
          "Left": 0.16923077404499054,
          "Top": 0.13461539149284363
        },
        "ImageId": "903ae71d-ec19-568a-b171-4d3a4fa5b76d",
        "ExternalImageId": "takuya",
        "Confidence": 99.98641967773438
      },
      "FaceDetail": {
        "BoundingBox": {
          "Width": 0.6730769276618958,
          "Height": 0.6730769276618958,
          "Left": 0.16923077404499054,
          "Top": 0.13461539149284363
        },
        "AgeRange": {
          "Low": 26,
          "High": 43
        },
        "Smile": {
          "Value": true,
          "Confidence": 59.428627014160156
        },
        "Eyeglasses": {
          "Value": false,
          "Confidence": 99.99991607666016
        },
        "Sunglasses": {
          "Value": false,
          "Confidence": 99.96942901611328
        },
        "Gender": {
          "Value": "Male",
          "Confidence": 99.92512512207031
        },
        "Beard": {
          "Value": false,
          "Confidence": 58.078948974609375
        },
        "Mustache": {
          "Value": true,
          "Confidence": 76.70272827148438
        },
        "EyesOpen": {
          "Value": true,
          "Confidence": 99.99999237060547
        },
        "MouthOpen": {
          "Value": false,
          "Confidence": 99.9823989868164
        },
        "Emotions": [
          {
            "Type": "CALM",
            "Confidence": 23.75439453125
          },
          {
            "Type": "HAPPY",
            "Confidence": 12.197994232177734
          },
          {
            "Type": "SAD",
            "Confidence": 9.287702560424805
          }
        ],
        "Landmarks": [
          {
            "Type": "eyeLeft",
            "X": 0.3969249427318573,
            "Y": 0.38768619298934937
          },
          {
            "Type": "eyeRight",
            "X": 0.6156919598579407,
            "Y": 0.3889518976211548
          },
          {
            "Type": "nose",
            "X": 0.5081726312637329,
            "Y": 0.5375232100486755
          },
          {
            "Type": "mouthLeft",
            "X": 0.4069710075855255,
            "Y": 0.6496122479438782
          },
          {
            "Type": "mouthRight",
            "X": 0.5850256681442261,
            "Y": 0.6485022902488708
          },
          {
            "Type": "leftPupil",
            "X": 0.4008980095386505,
            "Y": 0.3821222186088562
          },
          {
            "Type": "rightPupil",
            "X": 0.6129634380340576,
            "Y": 0.38736122846603394
          },
          {
            "Type": "leftEyeBrowLeft",
            "X": 0.3043418228626251,
            "Y": 0.33179381489753723
          },
          {
            "Type": "leftEyeBrowUp",
            "X": 0.365829199552536,
            "Y": 0.2998104989528656
          },
          {
            "Type": "leftEyeBrowRight",
            "X": 0.43567073345184326,
            "Y": 0.3098299205303192
          },
          {
            "Type": "rightEyeBrowLeft",
            "X": 0.5688609480857849,
            "Y": 0.3034890294075012
          },
          {
            "Type": "rightEyeBrowUp",
            "X": 0.6395869255065918,
            "Y": 0.2967400848865509
          },
          {
            "Type": "rightEyeBrowRight",
            "X": 0.6987015008926392,
            "Y": 0.3362470865249634
          },
          {
            "Type": "leftEyeLeft",
            "X": 0.3511134684085846,
            "Y": 0.38908496499061584
          },
          {
            "Type": "leftEyeRight",
            "X": 0.44336995482444763,
            "Y": 0.3951757848262787
          },
          {
            "Type": "leftEyeUp",
            "X": 0.398204505443573,
            "Y": 0.36627745628356934
          },
          {
            "Type": "leftEyeDown",
            "X": 0.3953286409378052,
            "Y": 0.4046507179737091
          },
          {
            "Type": "rightEyeLeft",
            "X": 0.5677992105484009,
            "Y": 0.39647376537323
          },
          {
            "Type": "rightEyeRight",
            "X": 0.6614865064620972,
            "Y": 0.39140674471855164
          },
          {
            "Type": "rightEyeUp",
            "X": 0.6145415902137756,
            "Y": 0.36731934547424316
          },
          {
            "Type": "rightEyeDown",
            "X": 0.6178915500640869,
            "Y": 0.40559613704681396
          },
          {
            "Type": "noseLeft",
            "X": 0.45916393399238586,
            "Y": 0.5690534114837646
          },
          {
            "Type": "noseRight",
            "X": 0.5497663021087646,
            "Y": 0.5690154433250427
          },
          {
            "Type": "mouthUp",
            "X": 0.5005021095275879,
            "Y": 0.6226699352264404
          },
          {
            "Type": "mouthDown",
            "X": 0.499871164560318,
            "Y": 0.6922194957733154
          }
        ],
        "Pose": {
          "Roll": -0.3423134684562683,
          "Yaw": 3.8417885303497314,
          "Pitch": -4.690046787261963
        },
        "Quality": {
          "Brightness": 58.994876861572266,
          "Sharpness": 99.97486114501953
        },
        "Confidence": 99.98641967773438
      }
    }
  ],
  "OrientationCorrection": "ROTATE_0"
}
