{
  "FaceRecords": [
    {
      "Face": {
        "FaceId": "ffe6f0dd-1fbb-5baf-94ca-b8268411af4d",
        "BoundingBox": {
          "Width": 0.5961538553237915,
          "Height": 0.5961538553237915,
          "Left": 0.19615384936332703,
          "Top": 0.20384615659713745
        },
        "ImageId": "538836b9-bc63-51ab-acef-8ecef17ebd38",
        "ExternalImageId": "cheeWei",
        "Confidence": 99.99998474121094
      },
      "FaceDetail": {
        "BoundingBox": {
          "Width": 0.5961538553237915,
          "Height": 0.5961538553237915,
          "Left": 0.19615384936332703,
          "Top": 0.20384615659713745
        },
        "AgeRange": {
          "Low": 23,
          "High": 38
        },
        "Smile": {
          "Value": true,
          "Confidence": 96.05280303955078
        },
        "Eyeglasses": {
          "Value": true,
          "Confidence": 97.38977813720703
        },
        "Sunglasses": {
          "Value": false,
          "Confidence": 99.58731842041016
        },
        "Gender": {
          "Value": "Male",
          "Confidence": 99.92877197265625
        },
        "Beard": {
          "Value": false,
          "Confidence": 80.69468688964844
        },
        "Mustache": {
          "Value": false,
          "Confidence": 76.49701690673828
        },
        "EyesOpen": {
          "Value": true,
          "Confidence": 99.997802734375
        },
        "MouthOpen": {
          "Value": false,
          "Confidence": 99.93978881835938
        },
        "Emotions": [
          {
            "Type": "HAPPY",
            "Confidence": 91.52503204345703
          },
          {
            "Type": "CONFUSED",
            "Confidence": 22.557836532592773
          },
          {
            "Type": "CALM",
            "Confidence": 10.943788528442383
          }
        ],
        "Landmarks": [
          {
            "Type": "eyeLeft",
            "X": 0.38260266184806824,
            "Y": 0.425174742937088
          },
          {
            "Type": "eyeRight",
            "X": 0.5960277915000916,
            "Y": 0.4084097146987915
          },
          {
            "Type": "nose",
            "X": 0.4884308874607086,
            "Y": 0.5168581604957581
          },
          {
            "Type": "mouthLeft",
            "X": 0.416133850812912,
            "Y": 0.6456908583641052
          },
          {
            "Type": "mouthRight",
            "X": 0.5780434608459473,
            "Y": 0.6407016515731812
          },
          {
            "Type": "leftPupil",
            "X": 0.38422444462776184,
            "Y": 0.4304312467575073
          },
          {
            "Type": "rightPupil",
            "X": 0.596330463886261,
            "Y": 0.4150623083114624
          },
          {
            "Type": "leftEyeBrowLeft",
            "X": 0.30378106236457825,
            "Y": 0.3654078543186188
          },
          {
            "Type": "leftEyeBrowUp",
            "X": 0.3584326207637787,
            "Y": 0.3384944796562195
          },
          {
            "Type": "leftEyeBrowRight",
            "X": 0.4211927652359009,
            "Y": 0.34377384185791016
          },
          {
            "Type": "rightEyeBrowLeft",
            "X": 0.5436197519302368,
            "Y": 0.32984909415245056
          },
          {
            "Type": "rightEyeBrowUp",
            "X": 0.6062114834785461,
            "Y": 0.3123447895050049
          },
          {
            "Type": "rightEyeBrowRight",
            "X": 0.6621988415718079,
            "Y": 0.3412775695323944
          },
          {
            "Type": "leftEyeLeft",
            "X": 0.342152863740921,
            "Y": 0.4300568699836731
          },
          {
            "Type": "leftEyeRight",
            "X": 0.422715425491333,
            "Y": 0.4260856509208679
          },
          {
            "Type": "leftEyeUp",
            "X": 0.3815988600254059,
            "Y": 0.4107920825481415
          },
          {
            "Type": "leftEyeDown",
            "X": 0.383774995803833,
            "Y": 0.43666088581085205
          },
          {
            "Type": "rightEyeLeft",
            "X": 0.5558925867080688,
            "Y": 0.41569745540618896
          },
          {
            "Type": "rightEyeRight",
            "X": 0.6362447142601013,
            "Y": 0.40697142481803894
          },
          {
            "Type": "rightEyeUp",
            "X": 0.5948429107666016,
            "Y": 0.3934755325317383
          },
          {
            "Type": "rightEyeDown",
            "X": 0.5971718430519104,
            "Y": 0.42041918635368347
          },
          {
            "Type": "noseLeft",
            "X": 0.45031699538230896,
            "Y": 0.5678771734237671
          },
          {
            "Type": "noseRight",
            "X": 0.5320039987564087,
            "Y": 0.5653553605079651
          },
          {
            "Type": "mouthUp",
            "X": 0.49421802163124084,
            "Y": 0.6229949593544006
          },
          {
            "Type": "mouthDown",
            "X": 0.4994996190071106,
            "Y": 0.6731621026992798
          }
        ],
        "Pose": {
          "Roll": -4.786545276641846,
          "Yaw": -2.611863613128662,
          "Pitch": 3.240969181060791
        },
        "Quality": {
          "Brightness": 60.61259460449219,
          "Sharpness": 99.9945297241211
        },
        "Confidence": 99.99998474121094
      }
    }
  ],
  "OrientationCorrection": "ROTATE_0"
}
