{
  "FaceRecords": [
    {
      "Face": {
        "FaceId": "634f70a2-609c-5a44-a589-eeb78dbd6473",
        "BoundingBox": {
          "Width": 0.7115384340286255,
          "Height": 0.7115384340286255,
          "Left": 0.14230769872665405,
          "Top": 0.0923076942563057
        },
        "ImageId": "73e3ff99-c929-5c28-942d-2d05f790f55d",
        "ExternalImageId": "javier",
        "Confidence": 99.97341918945312
      },
      "FaceDetail": {
        "BoundingBox": {
          "Width": 0.7115384340286255,
          "Height": 0.7115384340286255,
          "Left": 0.14230769872665405,
          "Top": 0.0923076942563057
        },
        "AgeRange": {
          "Low": 26,
          "High": 44
        },
        "Smile": {
          "Value": true,
          "Confidence": 89.67467498779297
        },
        "Eyeglasses": {
          "Value": false,
          "Confidence": 90.38681030273438
        },
        "Sunglasses": {
          "Value": false,
          "Confidence": 99.98933410644531
        },
        "Gender": {
          "Value": "Male",
          "Confidence": 99.92837524414062
        },
        "Beard": {
          "Value": false,
          "Confidence": 99.95880889892578
        },
        "Mustache": {
          "Value": false,
          "Confidence": 99.88060760498047
        },
        "EyesOpen": {
          "Value": true,
          "Confidence": 99.99999237060547
        },
        "MouthOpen": {
          "Value": false,
          "Confidence": 97.35273742675781
        },
        "Emotions": [
          {
            "Type": "HAPPY",
            "Confidence": 79.06029510498047
          },
          {
            "Type": "CALM",
            "Confidence": 39.673973083496094
          },
          {
            "Type": "SAD",
            "Confidence": 0.7886648178100586
          }
        ],
        "Landmarks": [
          {
            "Type": "eyeLeft",
            "X": 0.37292465567588806,
            "Y": 0.3806036412715912
          },
          {
            "Type": "eyeRight",
            "X": 0.6071859002113342,
            "Y": 0.3837951421737671
          },
          {
            "Type": "nose",
            "X": 0.4986920952796936,
            "Y": 0.5257992148399353
          },
          {
            "Type": "mouthLeft",
            "X": 0.4004448354244232,
            "Y": 0.6294686198234558
          },
          {
            "Type": "mouthRight",
            "X": 0.5924829840660095,
            "Y": 0.6232264041900635
          },
          {
            "Type": "leftPupil",
            "X": 0.3645094633102417,
            "Y": 0.3758767247200012
          },
          {
            "Type": "rightPupil",
            "X": 0.6120632290840149,
            "Y": 0.3817668557167053
          },
          {
            "Type": "leftEyeBrowLeft",
            "X": 0.28447747230529785,
            "Y": 0.34120017290115356
          },
          {
            "Type": "leftEyeBrowUp",
            "X": 0.3482082486152649,
            "Y": 0.295821875333786
          },
          {
            "Type": "leftEyeBrowRight",
            "X": 0.4290209114551544,
            "Y": 0.3113766312599182
          },
          {
            "Type": "rightEyeBrowLeft",
            "X": 0.5532916784286499,
            "Y": 0.3130069673061371
          },
          {
            "Type": "rightEyeBrowUp",
            "X": 0.6335839033126831,
            "Y": 0.3045271039009094
          },
          {
            "Type": "rightEyeBrowRight",
            "X": 0.6970582604408264,
            "Y": 0.3484857976436615
          },
          {
            "Type": "leftEyeLeft",
            "X": 0.32299408316612244,
            "Y": 0.38776394724845886
          },
          {
            "Type": "leftEyeRight",
            "X": 0.4235895574092865,
            "Y": 0.38534224033355713
          },
          {
            "Type": "leftEyeUp",
            "X": 0.37222427129745483,
            "Y": 0.3622097074985504
          },
          {
            "Type": "leftEyeDown",
            "X": 0.3732578754425049,
            "Y": 0.39304816722869873
          },
          {
            "Type": "rightEyeLeft",
            "X": 0.557724118232727,
            "Y": 0.3893358111381531
          },
          {
            "Type": "rightEyeRight",
            "X": 0.6562352776527405,
            "Y": 0.3882034420967102
          },
          {
            "Type": "rightEyeUp",
            "X": 0.6067520976066589,
            "Y": 0.36656996607780457
          },
          {
            "Type": "rightEyeDown",
            "X": 0.6078259944915771,
            "Y": 0.3960458040237427
          },
          {
            "Type": "noseLeft",
            "X": 0.44985494017601013,
            "Y": 0.5469709038734436
          },
          {
            "Type": "noseRight",
            "X": 0.5452085733413696,
            "Y": 0.5503309965133667
          },
          {
            "Type": "mouthUp",
            "X": 0.4990061819553375,
            "Y": 0.6122311949729919
          },
          {
            "Type": "mouthDown",
            "X": 0.49817654490470886,
            "Y": 0.6868975162506104
          }
        ],
        "Pose": {
          "Roll": 0.273990273475647,
          "Yaw": 2.2507545948028564,
          "Pitch": -2.64595627784729
        },
        "Quality": {
          "Brightness": 59.80569839477539,
          "Sharpness": 99.98487854003906
        },
        "Confidence": 99.97341918945312
      }
    }
  ],
  "OrientationCorrection": "ROTATE_0"
}
