{
  "FaceRecords": [
    {
      "Face": {
        "FaceId": "a30cdc72-a26c-5101-bf91-cf134857b4a9",
        "BoundingBox": {
          "Width": 0.7538461685180664,
          "Height": 0.7576923370361328,
          "Left": 0.11538461595773697,
          "Top": 0.015384615398943424
        },
        "ImageId": "4d7374c8-08a9-515e-ac72-73208e57ea3b",
        "ExternalImageId": "jawad",
        "Confidence": 99.9968490600586
      },
      "FaceDetail": {
        "BoundingBox": {
          "Width": 0.7538461685180664,
          "Height": 0.7576923370361328,
          "Left": 0.11538461595773697,
          "Top": 0.015384615398943424
        },
        "AgeRange": {
          "Low": 26,
          "High": 43
        },
        "Smile": {
          "Value": true,
          "Confidence": 81.88148498535156
        },
        "Eyeglasses": {
          "Value": false,
          "Confidence": 99.89710235595703
        },
        "Sunglasses": {
          "Value": false,
          "Confidence": 99.81647491455078
        },
        "Gender": {
          "Value": "Male",
          "Confidence": 99.92919921875
        },
        "Beard": {
          "Value": false,
          "Confidence": 98.2171630859375
        },
        "Mustache": {
          "Value": false,
          "Confidence": 99.51652526855469
        },
        "EyesOpen": {
          "Value": true,
          "Confidence": 99.98298645019531
        },
        "MouthOpen": {
          "Value": false,
          "Confidence": 54.51860427856445
        },
        "Emotions": [
          {
            "Type": "HAPPY",
            "Confidence": 92.16898345947266
          },
          {
            "Type": "CALM",
            "Confidence": 6.016439437866211
          },
          {
            "Type": "SAD",
            "Confidence": 0.9802281856536865
          }
        ],
        "Landmarks": [
          {
            "Type": "eyeLeft",
            "X": 0.3747738003730774,
            "Y": 0.3296724557876587
          },
          {
            "Type": "eyeRight",
            "X": 0.6092795133590698,
            "Y": 0.3286929726600647
          },
          {
            "Type": "nose",
            "X": 0.5089222192764282,
            "Y": 0.4646328389644623
          },
          {
            "Type": "mouthLeft",
            "X": 0.3889860510826111,
            "Y": 0.5878409147262573
          },
          {
            "Type": "mouthRight",
            "X": 0.6125733852386475,
            "Y": 0.57463538646698
          },
          {
            "Type": "leftPupil",
            "X": 0.37466681003570557,
            "Y": 0.32712703943252563
          },
          {
            "Type": "rightPupil",
            "X": 0.6062448024749756,
            "Y": 0.32163214683532715
          },
          {
            "Type": "leftEyeBrowLeft",
            "X": 0.28327319025993347,
            "Y": 0.2792116701602936
          },
          {
            "Type": "leftEyeBrowUp",
            "X": 0.35069355368614197,
            "Y": 0.2334619164466858
          },
          {
            "Type": "leftEyeBrowRight",
            "X": 0.4338659942150116,
            "Y": 0.2375994324684143
          },
          {
            "Type": "rightEyeBrowLeft",
            "X": 0.5564249157905579,
            "Y": 0.23387029767036438
          },
          {
            "Type": "rightEyeBrowUp",
            "X": 0.6389577388763428,
            "Y": 0.2325369119644165
          },
          {
            "Type": "rightEyeBrowRight",
            "X": 0.7033438682556152,
            "Y": 0.2786668539047241
          },
          {
            "Type": "leftEyeLeft",
            "X": 0.32737284898757935,
            "Y": 0.33365628123283386
          },
          {
            "Type": "leftEyeRight",
            "X": 0.4218714237213135,
            "Y": 0.3320028781890869
          },
          {
            "Type": "leftEyeUp",
            "X": 0.37465718388557434,
            "Y": 0.31058573722839355
          },
          {
            "Type": "leftEyeDown",
            "X": 0.3750420808792114,
            "Y": 0.3456020653247833
          },
          {
            "Type": "rightEyeLeft",
            "X": 0.5604678988456726,
            "Y": 0.3317892849445343
          },
          {
            "Type": "rightEyeRight",
            "X": 0.657256007194519,
            "Y": 0.3309391736984253
          },
          {
            "Type": "rightEyeUp",
            "X": 0.6095811724662781,
            "Y": 0.3104175627231598
          },
          {
            "Type": "rightEyeDown",
            "X": 0.609395444393158,
            "Y": 0.3442971408367157
          },
          {
            "Type": "noseLeft",
            "X": 0.4576326608657837,
            "Y": 0.5074271559715271
          },
          {
            "Type": "noseRight",
            "X": 0.5463130474090576,
            "Y": 0.50270676612854
          },
          {
            "Type": "mouthUp",
            "X": 0.5046166777610779,
            "Y": 0.5600965619087219
          },
          {
            "Type": "mouthDown",
            "X": 0.5071983933448792,
            "Y": 0.6540094017982483
          }
        ],
        "Pose": {
          "Roll": -0.8688031435012817,
          "Yaw": 3.438084840774536,
          "Pitch": -0.08233583718538284
        },
        "Quality": {
          "Brightness": 44.06233215332031,
          "Sharpness": 99.98487854003906
        },
        "Confidence": 99.9968490600586
      }
    }
  ],
  "OrientationCorrection": "ROTATE_0"
}
