{
  "FaceRecords": [
    {
      "Face": {
        "FaceId": "331b1854-6fd2-5752-9c46-ba98d2a8a507",
        "BoundingBox": {
          "Width": 0.5769230723381042,
          "Height": 0.5807692408561707,
          "Left": 0.17692308127880096,
          "Top": 0.1884615421295166
        },
        "ImageId": "75143f92-6b6d-5a7d-b239-1da4140f8fb9",
        "ExternalImageId": "jeff",
        "Confidence": 99.99983978271484
      },
      "FaceDetail": {
        "BoundingBox": {
          "Width": 0.5769230723381042,
          "Height": 0.5807692408561707,
          "Left": 0.17692308127880096,
          "Top": 0.1884615421295166
        },
        "AgeRange": {
          "Low": 26,
          "High": 43
        },
        "Smile": {
          "Value": true,
          "Confidence": 90.7823715209961
        },
        "Eyeglasses": {
          "Value": false,
          "Confidence": 99.95993041992188
        },
        "Sunglasses": {
          "Value": false,
          "Confidence": 99.81620025634766
        },
        "Gender": {
          "Value": "Male",
          "Confidence": 99.9039535522461
        },
        "Beard": {
          "Value": false,
          "Confidence": 83.708251953125
        },
        "Mustache": {
          "Value": false,
          "Confidence": 99.76770782470703
        },
        "EyesOpen": {
          "Value": true,
          "Confidence": 99.99952697753906
        },
        "MouthOpen": {
          "Value": false,
          "Confidence": 99.86749267578125
        },
        "Emotions": [
          {
            "Type": "HAPPY",
            "Confidence": 86.44230651855469
          },
          {
            "Type": "CONFUSED",
            "Confidence": 4.700601100921631
          },
          {
            "Type": "SAD",
            "Confidence": 4.628354072570801
          }
        ],
        "Landmarks": [
          {
            "Type": "eyeLeft",
            "X": 0.3716644048690796,
            "Y": 0.4304148852825165
          },
          {
            "Type": "eyeRight",
            "X": 0.5652720928192139,
            "Y": 0.4362700283527374
          },
          {
            "Type": "nose",
            "X": 0.49275699257850647,
            "Y": 0.5279473662376404
          },
          {
            "Type": "mouthLeft",
            "X": 0.3882085382938385,
            "Y": 0.6242228746414185
          },
          {
            "Type": "mouthRight",
            "X": 0.556751012802124,
            "Y": 0.6274436712265015
          },
          {
            "Type": "leftPupil",
            "X": 0.3710775673389435,
            "Y": 0.4271584749221802
          },
          {
            "Type": "rightPupil",
            "X": 0.5600003600120544,
            "Y": 0.43089476227760315
          },
          {
            "Type": "leftEyeBrowLeft",
            "X": 0.29406431317329407,
            "Y": 0.38391032814979553
          },
          {
            "Type": "leftEyeBrowUp",
            "X": 0.35957852005958557,
            "Y": 0.3568045496940613
          },
          {
            "Type": "leftEyeBrowRight",
            "X": 0.42864271998405457,
            "Y": 0.37043997645378113
          },
          {
            "Type": "rightEyeBrowLeft",
            "X": 0.5248565077781677,
            "Y": 0.3810218870639801
          },
          {
            "Type": "rightEyeBrowUp",
            "X": 0.5855448842048645,
            "Y": 0.37027472257614136
          },
          {
            "Type": "rightEyeBrowRight",
            "X": 0.6367926597595215,
            "Y": 0.39766472578048706
          },
          {
            "Type": "leftEyeLeft",
            "X": 0.3301123082637787,
            "Y": 0.4341793358325958
          },
          {
            "Type": "leftEyeRight",
            "X": 0.41149580478668213,
            "Y": 0.43252891302108765
          },
          {
            "Type": "leftEyeUp",
            "X": 0.3721752464771271,
            "Y": 0.4150484502315521
          },
          {
            "Type": "leftEyeDown",
            "X": 0.3720139265060425,
            "Y": 0.4428420960903168
          },
          {
            "Type": "rightEyeLeft",
            "X": 0.5263903737068176,
            "Y": 0.4369511902332306
          },
          {
            "Type": "rightEyeRight",
            "X": 0.6015446782112122,
            "Y": 0.4402885138988495
          },
          {
            "Type": "rightEyeUp",
            "X": 0.566554605960846,
            "Y": 0.42213499546051025
          },
          {
            "Type": "rightEyeDown",
            "X": 0.565294086933136,
            "Y": 0.4480552673339844
          },
          {
            "Type": "noseLeft",
            "X": 0.4390200078487396,
            "Y": 0.5590447187423706
          },
          {
            "Type": "noseRight",
            "X": 0.519033670425415,
            "Y": 0.5587413907051086
          },
          {
            "Type": "mouthUp",
            "X": 0.4778469204902649,
            "Y": 0.61478191614151
          },
          {
            "Type": "mouthDown",
            "X": 0.47582677006721497,
            "Y": 0.6575565934181213
          }
        ],
        "Pose": {
          "Roll": 0.9277828931808472,
          "Yaw": 10.145085334777832,
          "Pitch": 2.660313367843628
        },
        "Quality": {
          "Brightness": 57.773406982421875,
          "Sharpness": 99.95819854736328
        },
        "Confidence": 99.99983978271484
      }
    }
  ],
  "OrientationCorrection": "ROTATE_0"
}
