{
  "FaceRecords": [
    {
      "Face": {
        "FaceId": "9ba5e9d1-48a4-5278-b2cf-5b1db305413c",
        "BoundingBox": {
          "Width": 0.692307710647583,
          "Height": 0.692307710647583,
          "Left": 0.14615385234355927,
          "Top": 0.11538461595773697
        },
        "ImageId": "0d831d45-43b2-5769-ae6d-2271b927ebc5",
        "ExternalImageId": "jose",
        "Confidence": 99.99949645996094
      },
      "FaceDetail": {
        "BoundingBox": {
          "Width": 0.692307710647583,
          "Height": 0.692307710647583,
          "Left": 0.14615385234355927,
          "Top": 0.11538461595773697
        },
        "AgeRange": {
          "Low": 35,
          "High": 52
        },
        "Smile": {
          "Value": true,
          "Confidence": 83.992431640625
        },
        "Eyeglasses": {
          "Value": false,
          "Confidence": 98.9305648803711
        },
        "Sunglasses": {
          "Value": false,
          "Confidence": 99.92586517333984
        },
        "Gender": {
          "Value": "Male",
          "Confidence": 99.92822265625
        },
        "Beard": {
          "Value": true,
          "Confidence": 99.99665832519531
        },
        "Mustache": {
          "Value": true,
          "Confidence": 99.98280334472656
        },
        "EyesOpen": {
          "Value": true,
          "Confidence": 99.1459732055664
        },
        "MouthOpen": {
          "Value": false,
          "Confidence": 85.57337188720703
        },
        "Emotions": [
          {
            "Type": "CONFUSED",
            "Confidence": 27.83237648010254
          },
          {
            "Type": "HAPPY",
            "Confidence": 18.063936233520508
          },
          {
            "Type": "SURPRISED",
            "Confidence": 5.509495735168457
          }
        ],
        "Landmarks": [
          {
            "Type": "eyeLeft",
            "X": 0.37766921520233154,
            "Y": 0.3954509496688843
          },
          {
            "Type": "eyeRight",
            "X": 0.6036458611488342,
            "Y": 0.40133464336395264
          },
          {
            "Type": "nose",
            "X": 0.503439724445343,
            "Y": 0.4837610125541687
          },
          {
            "Type": "mouthLeft",
            "X": 0.3781106472015381,
            "Y": 0.6324641704559326
          },
          {
            "Type": "mouthRight",
            "X": 0.5839551687240601,
            "Y": 0.6372878551483154
          },
          {
            "Type": "leftPupil",
            "X": 0.3802676498889923,
            "Y": 0.39056724309921265
          },
          {
            "Type": "rightPupil",
            "X": 0.599459707736969,
            "Y": 0.4010976552963257
          },
          {
            "Type": "leftEyeBrowLeft",
            "X": 0.27516797184944153,
            "Y": 0.3453248143196106
          },
          {
            "Type": "leftEyeBrowUp",
            "X": 0.350768119096756,
            "Y": 0.3012390434741974
          },
          {
            "Type": "leftEyeBrowRight",
            "X": 0.43928980827331543,
            "Y": 0.3060966730117798
          },
          {
            "Type": "rightEyeBrowLeft",
            "X": 0.5453991889953613,
            "Y": 0.3061267137527466
          },
          {
            "Type": "rightEyeBrowUp",
            "X": 0.6353175640106201,
            "Y": 0.3065078854560852
          },
          {
            "Type": "rightEyeBrowRight",
            "X": 0.7074582576751709,
            "Y": 0.3520035445690155
          },
          {
            "Type": "leftEyeLeft",
            "X": 0.3282136917114258,
            "Y": 0.40134119987487793
          },
          {
            "Type": "leftEyeRight",
            "X": 0.42582443356513977,
            "Y": 0.39741095900535583
          },
          {
            "Type": "leftEyeUp",
            "X": 0.3771919310092926,
            "Y": 0.37564975023269653
          },
          {
            "Type": "leftEyeDown",
            "X": 0.3787965774536133,
            "Y": 0.411327064037323
          },
          {
            "Type": "rightEyeLeft",
            "X": 0.5539495944976807,
            "Y": 0.40259820222854614
          },
          {
            "Type": "rightEyeRight",
            "X": 0.6503564715385437,
            "Y": 0.4089331328868866
          },
          {
            "Type": "rightEyeUp",
            "X": 0.6047775149345398,
            "Y": 0.381941556930542
          },
          {
            "Type": "rightEyeDown",
            "X": 0.6040070652961731,
            "Y": 0.41629666090011597
          },
          {
            "Type": "noseLeft",
            "X": 0.44639191031455994,
            "Y": 0.5387492179870605
          },
          {
            "Type": "noseRight",
            "X": 0.5373519659042358,
            "Y": 0.5419299602508545
          },
          {
            "Type": "mouthUp",
            "X": 0.48354634642601013,
            "Y": 0.5776258111000061
          },
          {
            "Type": "mouthDown",
            "X": 0.4807462990283966,
            "Y": 0.678129255771637
          }
        ],
        "Pose": {
          "Roll": 0.5178064107894897,
          "Yaw": 8.104159355163574,
          "Pitch": 10.327272415161133
        },
        "Quality": {
          "Brightness": 62.91022491455078,
          "Sharpness": 99.97486114501953
        },
        "Confidence": 99.99949645996094
      }
    }
  ],
  "OrientationCorrection": "ROTATE_0"
}
