{
  "FaceRecords": [
    {
      "Face": {
        "FaceId": "28b751c2-3474-5cd1-8807-72742b342c91",
        "BoundingBox": {
          "Width": 0.5115384459495544,
          "Height": 0.5115384459495544,
          "Left": 0.21153846383094788,
          "Top": 0.24230769276618958
        },
        "ImageId": "02584885-07d8-511e-8783-073f046df3ef",
        "ExternalImageId": "lwin",
        "Confidence": 99.99988555908203
      },
      "FaceDetail": {
        "BoundingBox": {
          "Width": 0.5115384459495544,
          "Height": 0.5115384459495544,
          "Left": 0.21153846383094788,
          "Top": 0.24230769276618958
        },
        "AgeRange": {
          "Low": 26,
          "High": 43
        },
        "Smile": {
          "Value": true,
          "Confidence": 96.76715087890625
        },
        "Eyeglasses": {
          "Value": false,
          "Confidence": 99.91844940185547
        },
        "Sunglasses": {
          "Value": false,
          "Confidence": 99.76968383789062
        },
        "Gender": {
          "Value": "Female",
          "Confidence": 100
        },
        "Beard": {
          "Value": false,
          "Confidence": 99.9778060913086
        },
        "Mustache": {
          "Value": false,
          "Confidence": 99.93258666992188
        },
        "EyesOpen": {
          "Value": true,
          "Confidence": 99.99982452392578
        },
        "MouthOpen": {
          "Value": false,
          "Confidence": 89.20589447021484
        },
        "Emotions": [
          {
            "Type": "HAPPY",
            "Confidence": 99.83522033691406
          },
          {
            "Type": "CALM",
            "Confidence": 9.236556053161621
          },
          {
            "Type": "ANGRY",
            "Confidence": 0.41888952255249023
          }
        ],
        "Landmarks": [
          {
            "Type": "eyeLeft",
            "X": 0.36146390438079834,
            "Y": 0.4494227468967438
          },
          {
            "Type": "eyeRight",
            "X": 0.5444030165672302,
            "Y": 0.42306217551231384
          },
          {
            "Type": "nose",
            "X": 0.45224642753601074,
            "Y": 0.5157380104064941
          },
          {
            "Type": "mouthLeft",
            "X": 0.39385321736335754,
            "Y": 0.6228224635124207
          },
          {
            "Type": "mouthRight",
            "X": 0.5689744353294373,
            "Y": 0.6009153127670288
          },
          {
            "Type": "leftPupil",
            "X": 0.37033337354660034,
            "Y": 0.4471704065799713
          },
          {
            "Type": "rightPupil",
            "X": 0.5461146831512451,
            "Y": 0.419823557138443
          },
          {
            "Type": "leftEyeBrowLeft",
            "X": 0.28961363434791565,
            "Y": 0.4130498766899109
          },
          {
            "Type": "leftEyeBrowUp",
            "X": 0.32968592643737793,
            "Y": 0.3901810348033905
          },
          {
            "Type": "leftEyeBrowRight",
            "X": 0.3803676664829254,
            "Y": 0.39501655101776123
          },
          {
            "Type": "rightEyeBrowLeft",
            "X": 0.4945751428604126,
            "Y": 0.37897711992263794
          },
          {
            "Type": "rightEyeBrowUp",
            "X": 0.5440468788146973,
            "Y": 0.3565256893634796
          },
          {
            "Type": "rightEyeBrowRight",
            "X": 0.5943114161491394,
            "Y": 0.36455482244491577
          },
          {
            "Type": "leftEyeLeft",
            "X": 0.3265099823474884,
            "Y": 0.4553819000720978
          },
          {
            "Type": "leftEyeRight",
            "X": 0.39775550365448,
            "Y": 0.44938623905181885
          },
          {
            "Type": "leftEyeUp",
            "X": 0.3598214089870453,
            "Y": 0.43743109703063965
          },
          {
            "Type": "leftEyeDown",
            "X": 0.36243751645088196,
            "Y": 0.4584530293941498
          },
          {
            "Type": "rightEyeLeft",
            "X": 0.5102989673614502,
            "Y": 0.43469592928886414
          },
          {
            "Type": "rightEyeRight",
            "X": 0.5809857845306396,
            "Y": 0.41853222250938416
          },
          {
            "Type": "rightEyeUp",
            "X": 0.5410377979278564,
            "Y": 0.4108118414878845
          },
          {
            "Type": "rightEyeDown",
            "X": 0.5465288758277893,
            "Y": 0.43176063895225525
          },
          {
            "Type": "noseLeft",
            "X": 0.43121054768562317,
            "Y": 0.5638921856880188
          },
          {
            "Type": "noseRight",
            "X": 0.5064413547515869,
            "Y": 0.5509040355682373
          },
          {
            "Type": "mouthUp",
            "X": 0.470769464969635,
            "Y": 0.5966084599494934
          },
          {
            "Type": "mouthDown",
            "X": 0.4832567870616913,
            "Y": 0.6738755702972412
          }
        ],
        "Pose": {
          "Roll": -8.477622985839844,
          "Yaw": -4.132462501525879,
          "Pitch": 6.597422122955322
        },
        "Quality": {
          "Brightness": 43.055946350097656,
          "Sharpness": 99.9305191040039
        },
        "Confidence": 99.99988555908203
      }
    }
  ],
  "OrientationCorrection": "ROTATE_0"
}
