{
  "FaceRecords": [
    {
      "Face": {
        "FaceId": "e6fa6667-3f2d-5a8b-a393-c0e7ecf19418",
        "BoundingBox": {
          "Width": 0.5807692408561707,
          "Height": 0.5807692408561707,
          "Left": 0.13461539149284363,
          "Top": 0.1230769231915474
        },
        "ImageId": "ffe6fc4f-3873-5464-968c-7e87357ef3c3",
        "ExternalImageId": "paula",
        "Confidence": 99.9998779296875
      },
      "FaceDetail": {
        "BoundingBox": {
          "Width": 0.5807692408561707,
          "Height": 0.5807692408561707,
          "Left": 0.13461539149284363,
          "Top": 0.1230769231915474
        },
        "AgeRange": {
          "Low": 26,
          "High": 43
        },
        "Smile": {
          "Value": true,
          "Confidence": 97.57545471191406
        },
        "Eyeglasses": {
          "Value": false,
          "Confidence": 99.9999008178711
        },
        "Sunglasses": {
          "Value": false,
          "Confidence": 99.92649841308594
        },
        "Gender": {
          "Value": "Female",
          "Confidence": 100
        },
        "Beard": {
          "Value": false,
          "Confidence": 99.84165954589844
        },
        "Mustache": {
          "Value": false,
          "Confidence": 99.90979766845703
        },
        "EyesOpen": {
          "Value": true,
          "Confidence": 99.99838256835938
        },
        "MouthOpen": {
          "Value": false,
          "Confidence": 93.79154205322266
        },
        "Emotions": [
          {
            "Type": "HAPPY",
            "Confidence": 87.25704193115234
          },
          {
            "Type": "SURPRISED",
            "Confidence": 12.827598571777344
          },
          {
            "Type": "CONFUSED",
            "Confidence": 0.9714722633361816
          }
        ],
        "Landmarks": [
          {
            "Type": "eyeLeft",
            "X": 0.30793410539627075,
            "Y": 0.35874083638191223
          },
          {
            "Type": "eyeRight",
            "X": 0.5128772258758545,
            "Y": 0.3409464359283447
          },
          {
            "Type": "nose",
            "X": 0.4046938419342041,
            "Y": 0.4406098425388336
          },
          {
            "Type": "mouthLeft",
            "X": 0.34650734066963196,
            "Y": 0.5700819492340088
          },
          {
            "Type": "mouthRight",
            "X": 0.5095805525779724,
            "Y": 0.5552399158477783
          },
          {
            "Type": "leftPupil",
            "X": 0.31399598717689514,
            "Y": 0.360751748085022
          },
          {
            "Type": "rightPupil",
            "X": 0.5140331387519836,
            "Y": 0.3372327387332916
          },
          {
            "Type": "leftEyeBrowLeft",
            "X": 0.22796106338500977,
            "Y": 0.2971002757549286
          },
          {
            "Type": "leftEyeBrowUp",
            "X": 0.2800824046134949,
            "Y": 0.26565584540367126
          },
          {
            "Type": "leftEyeBrowRight",
            "X": 0.3456881642341614,
            "Y": 0.272707998752594
          },
          {
            "Type": "rightEyeBrowLeft",
            "X": 0.45304614305496216,
            "Y": 0.2639143168926239
          },
          {
            "Type": "rightEyeBrowUp",
            "X": 0.5208409428596497,
            "Y": 0.24381697177886963
          },
          {
            "Type": "rightEyeBrowRight",
            "X": 0.5807565450668335,
            "Y": 0.2676451802253723
          },
          {
            "Type": "leftEyeLeft",
            "X": 0.2639850974082947,
            "Y": 0.36195996403694153
          },
          {
            "Type": "leftEyeRight",
            "X": 0.35326626896858215,
            "Y": 0.36048898100852966
          },
          {
            "Type": "leftEyeUp",
            "X": 0.30744317173957825,
            "Y": 0.3395857512950897
          },
          {
            "Type": "leftEyeDown",
            "X": 0.3077335059642792,
            "Y": 0.37541237473487854
          },
          {
            "Type": "rightEyeLeft",
            "X": 0.4696498513221741,
            "Y": 0.3499292731285095
          },
          {
            "Type": "rightEyeRight",
            "X": 0.556196928024292,
            "Y": 0.3393189311027527
          },
          {
            "Type": "rightEyeUp",
            "X": 0.5103363990783691,
            "Y": 0.3211999237537384
          },
          {
            "Type": "rightEyeDown",
            "X": 0.5153717994689941,
            "Y": 0.3570152223110199
          },
          {
            "Type": "noseLeft",
            "X": 0.36913394927978516,
            "Y": 0.48894378542900085
          },
          {
            "Type": "noseRight",
            "X": 0.46183642745018005,
            "Y": 0.4785425066947937
          },
          {
            "Type": "mouthUp",
            "X": 0.42164161801338196,
            "Y": 0.5214017629623413
          },
          {
            "Type": "mouthDown",
            "X": 0.42726051807403564,
            "Y": 0.6005997657775879
          }
        ],
        "Pose": {
          "Roll": -5.264796257019043,
          "Yaw": -5.278252601623535,
          "Pitch": 5.227099895477295
        },
        "Quality": {
          "Brightness": 44.692955017089844,
          "Sharpness": 99.9945297241211
        },
        "Confidence": 99.9998779296875
      }
    }
  ],
  "OrientationCorrection": "ROTATE_0"
}
