{
  "FaceRecords": [
    {
      "Face": {
        "FaceId": "eac8f7c1-dd4b-5268-8cfc-6f7889bda3d9",
        "BoundingBox": {
          "Width": 0.8423076868057251,
          "Height": 0.8423076868057251,
          "Left": 0.10000000149011612,
          "Top": 0.09615384787321091
        },
        "ImageId": "e9117135-0c84-5522-937e-ee340876e34e",
        "ExternalImageId": "pushpita",
        "Confidence": 99.9992904663086
      },
      "FaceDetail": {
        "BoundingBox": {
          "Width": 0.8423076868057251,
          "Height": 0.8423076868057251,
          "Left": 0.10000000149011612,
          "Top": 0.09615384787321091
        },
        "AgeRange": {
          "Low": 20,
          "High": 38
        },
        "Smile": {
          "Value": true,
          "Confidence": 73.5604476928711
        },
        "Eyeglasses": {
          "Value": false,
          "Confidence": 94.19569396972656
        },
        "Sunglasses": {
          "Value": false,
          "Confidence": 99.57732391357422
        },
        "Gender": {
          "Value": "Female",
          "Confidence": 100
        },
        "Beard": {
          "Value": false,
          "Confidence": 99.63629913330078
        },
        "Mustache": {
          "Value": false,
          "Confidence": 99.9383544921875
        },
        "EyesOpen": {
          "Value": true,
          "Confidence": 99.99666595458984
        },
        "MouthOpen": {
          "Value": false,
          "Confidence": 99.89964294433594
        },
        "Emotions": [
          {
            "Type": "CALM",
            "Confidence": 77.82125854492188
          },
          {
            "Type": "CONFUSED",
            "Confidence": 53.056846618652344
          },
          {
            "Type": "HAPPY",
            "Confidence": 3.2571890354156494
          }
        ],
        "Landmarks": [
          {
            "Type": "eyeLeft",
            "X": 0.36328452825546265,
            "Y": 0.43748965859413147
          },
          {
            "Type": "eyeRight",
            "X": 0.6749716997146606,
            "Y": 0.45138823986053467
          },
          {
            "Type": "nose",
            "X": 0.5162119269371033,
            "Y": 0.5625907778739929
          },
          {
            "Type": "mouthLeft",
            "X": 0.39659687876701355,
            "Y": 0.721953272819519
          },
          {
            "Type": "mouthRight",
            "X": 0.6214414238929749,
            "Y": 0.735135018825531
          },
          {
            "Type": "leftPupil",
            "X": 0.3662458062171936,
            "Y": 0.43464720249176025
          },
          {
            "Type": "rightPupil",
            "X": 0.6759926676750183,
            "Y": 0.4442419409751892
          },
          {
            "Type": "leftEyeBrowLeft",
            "X": 0.2489268183708191,
            "Y": 0.3453516662120819
          },
          {
            "Type": "leftEyeBrowUp",
            "X": 0.3501698672771454,
            "Y": 0.30389130115509033
          },
          {
            "Type": "leftEyeBrowRight",
            "X": 0.4574500024318695,
            "Y": 0.3437878489494324
          },
          {
            "Type": "rightEyeBrowLeft",
            "X": 0.5913500189781189,
            "Y": 0.34645000100135803
          },
          {
            "Type": "rightEyeBrowUp",
            "X": 0.7024585604667664,
            "Y": 0.315461665391922
          },
          {
            "Type": "rightEyeBrowRight",
            "X": 0.7992709875106812,
            "Y": 0.369261234998703
          },
          {
            "Type": "leftEyeLeft",
            "X": 0.29831597208976746,
            "Y": 0.4325224757194519
          },
          {
            "Type": "leftEyeRight",
            "X": 0.4318797290325165,
            "Y": 0.4472089409828186
          },
          {
            "Type": "leftEyeUp",
            "X": 0.36484530568122864,
            "Y": 0.41081690788269043
          },
          {
            "Type": "leftEyeDown",
            "X": 0.35991039872169495,
            "Y": 0.4617863893508911
          },
          {
            "Type": "rightEyeLeft",
            "X": 0.6056806445121765,
            "Y": 0.4541972279548645
          },
          {
            "Type": "rightEyeRight",
            "X": 0.7422735691070557,
            "Y": 0.452193021774292
          },
          {
            "Type": "rightEyeUp",
            "X": 0.6742335557937622,
            "Y": 0.4243561923503876
          },
          {
            "Type": "rightEyeDown",
            "X": 0.6767044067382812,
            "Y": 0.4766133427619934
          },
          {
            "Type": "noseLeft",
            "X": 0.4559062123298645,
            "Y": 0.6289858818054199
          },
          {
            "Type": "noseRight",
            "X": 0.5691036581993103,
            "Y": 0.6346738338470459
          },
          {
            "Type": "mouthUp",
            "X": 0.5103647112846375,
            "Y": 0.7084042429924011
          },
          {
            "Type": "mouthDown",
            "X": 0.5087602734565735,
            "Y": 0.7880872488021851
          }
        ],
        "Pose": {
          "Roll": 2.2040491104125977,
          "Yaw": 0.5405015349388123,
          "Pitch": 6.4658122062683105
        },
        "Quality": {
          "Brightness": 48.92824172973633,
          "Sharpness": 99.97486114501953
        },
        "Confidence": 99.9992904663086
      }
    }
  ],
  "OrientationCorrection": "ROTATE_0"
}
