{
  "FaceRecords": [
    {
      "Face": {
        "FaceId": "d515480f-345b-5001-a8a3-4b199a5fee88",
        "BoundingBox": {
          "Width": 0.5807692408561707,
          "Height": 0.5807692408561707,
          "Left": 0.2153846174478531,
          "Top": 0.15000000596046448
        },
        "ImageId": "2bd6db3c-abb6-587c-b395-fb1e5267a657",
        "ExternalImageId": "rajan",
        "Confidence": 99.99729919433594
      },
      "FaceDetail": {
        "BoundingBox": {
          "Width": 0.5807692408561707,
          "Height": 0.5807692408561707,
          "Left": 0.2153846174478531,
          "Top": 0.15000000596046448
        },
        "AgeRange": {
          "Low": 35,
          "High": 52
        },
        "Smile": {
          "Value": true,
          "Confidence": 96.2655258178711
        },
        "Eyeglasses": {
          "Value": false,
          "Confidence": 99.8491439819336
        },
        "Sunglasses": {
          "Value": false,
          "Confidence": 97.91140747070312
        },
        "Gender": {
          "Value": "Male",
          "Confidence": 99.92826843261719
        },
        "Beard": {
          "Value": true,
          "Confidence": 77.06927490234375
        },
        "Mustache": {
          "Value": false,
          "Confidence": 99.70429229736328
        },
        "EyesOpen": {
          "Value": true,
          "Confidence": 99.75608825683594
        },
        "MouthOpen": {
          "Value": false,
          "Confidence": 98.46831512451172
        },
        "Emotions": [
          {
            "Type": "SURPRISED",
            "Confidence": 39.06099319458008
          },
          {
            "Type": "HAPPY",
            "Confidence": 38.532562255859375
          },
          {
            "Type": "CONFUSED",
            "Confidence": 2.447664737701416
          }
        ],
        "Landmarks": [
          {
            "Type": "eyeLeft",
            "X": 0.4028977155685425,
            "Y": 0.3897661566734314
          },
          {
            "Type": "eyeRight",
            "X": 0.6029453873634338,
            "Y": 0.37174856662750244
          },
          {
            "Type": "nose",
            "X": 0.5162699222564697,
            "Y": 0.46866488456726074
          },
          {
            "Type": "mouthLeft",
            "X": 0.4321690797805786,
            "Y": 0.5997322797775269
          },
          {
            "Type": "mouthRight",
            "X": 0.6071437001228333,
            "Y": 0.5809863805770874
          },
          {
            "Type": "leftPupil",
            "X": 0.40616142749786377,
            "Y": 0.3954073190689087
          },
          {
            "Type": "rightPupil",
            "X": 0.6000123023986816,
            "Y": 0.3738212585449219
          },
          {
            "Type": "leftEyeBrowLeft",
            "X": 0.3250875473022461,
            "Y": 0.34057697653770447
          },
          {
            "Type": "leftEyeBrowUp",
            "X": 0.38112571835517883,
            "Y": 0.30564549565315247
          },
          {
            "Type": "leftEyeBrowRight",
            "X": 0.4510623514652252,
            "Y": 0.3066895604133606
          },
          {
            "Type": "rightEyeBrowLeft",
            "X": 0.5461218357086182,
            "Y": 0.3003157675266266
          },
          {
            "Type": "rightEyeBrowUp",
            "X": 0.6160039305686951,
            "Y": 0.2882208526134491
          },
          {
            "Type": "rightEyeBrowRight",
            "X": 0.6777237057685852,
            "Y": 0.31997305154800415
          },
          {
            "Type": "leftEyeLeft",
            "X": 0.3640543222427368,
            "Y": 0.399666428565979
          },
          {
            "Type": "leftEyeRight",
            "X": 0.4444483518600464,
            "Y": 0.3879697024822235
          },
          {
            "Type": "leftEyeUp",
            "X": 0.39974087476730347,
            "Y": 0.37020885944366455
          },
          {
            "Type": "leftEyeDown",
            "X": 0.40470099449157715,
            "Y": 0.4052714407444
          },
          {
            "Type": "rightEyeLeft",
            "X": 0.564532995223999,
            "Y": 0.37956151366233826
          },
          {
            "Type": "rightEyeRight",
            "X": 0.6436522006988525,
            "Y": 0.37449073791503906
          },
          {
            "Type": "rightEyeUp",
            "X": 0.5997292995452881,
            "Y": 0.35151129961013794
          },
          {
            "Type": "rightEyeDown",
            "X": 0.605014443397522,
            "Y": 0.3867083787918091
          },
          {
            "Type": "noseLeft",
            "X": 0.47399207949638367,
            "Y": 0.5134079456329346
          },
          {
            "Type": "noseRight",
            "X": 0.5605320930480957,
            "Y": 0.5028207898139954
          },
          {
            "Type": "mouthUp",
            "X": 0.5197280645370483,
            "Y": 0.56085205078125
          },
          {
            "Type": "mouthDown",
            "X": 0.5273104906082153,
            "Y": 0.6359984874725342
          }
        ],
        "Pose": {
          "Roll": -5.878882884979248,
          "Yaw": 3.5136661529541016,
          "Pitch": 9.840717315673828
        },
        "Quality": {
          "Brightness": 49.8376350402832,
          "Sharpness": 99.98487854003906
        },
        "Confidence": 99.99729919433594
      }
    }
  ],
  "OrientationCorrection": "ROTATE_0"
}
