{
  "FaceRecords": [
    {
      "Face": {
        "FaceId": "d46ef47d-6b87-5cf1-a42e-8ceddbbdffc5",
        "BoundingBox": {
          "Width": 0.5269230604171753,
          "Height": 0.5269230604171753,
          "Left": 0.24230769276618958,
          "Top": 0.2153846174478531
        },
        "ImageId": "162cb6f5-9ad5-5c74-87ce-bada449a3184",
        "ExternalImageId": "tyler",
        "Confidence": 99.99989318847656
      },
      "FaceDetail": {
        "BoundingBox": {
          "Width": 0.5269230604171753,
          "Height": 0.5269230604171753,
          "Left": 0.24230769276618958,
          "Top": 0.2153846174478531
        },
        "AgeRange": {
          "Low": 27,
          "High": 44
        },
        "Smile": {
          "Value": true,
          "Confidence": 99.94100189208984
        },
        "Eyeglasses": {
          "Value": false,
          "Confidence": 99.84111785888672
        },
        "Sunglasses": {
          "Value": false,
          "Confidence": 98.14205932617188
        },
        "Gender": {
          "Value": "Male",
          "Confidence": 99.92919921875
        },
        "Beard": {
          "Value": false,
          "Confidence": 99.04903411865234
        },
        "Mustache": {
          "Value": false,
          "Confidence": 99.64604949951172
        },
        "EyesOpen": {
          "Value": true,
          "Confidence": 99.99164581298828
        },
        "MouthOpen": {
          "Value": true,
          "Confidence": 50.67485427856445
        },
        "Emotions": [
          {
            "Type": "HAPPY",
            "Confidence": 99.91162109375
          },
          {
            "Type": "CALM",
            "Confidence": 0.6306052207946777
          },
          {
            "Type": "SURPRISED",
            "Confidence": 0.25817155838012695
          }
        ],
        "Landmarks": [
          {
            "Type": "eyeLeft",
            "X": 0.41837772727012634,
            "Y": 0.4172566533088684
          },
          {
            "Type": "eyeRight",
            "X": 0.5942022800445557,
            "Y": 0.41479477286338806
          },
          {
            "Type": "nose",
            "X": 0.523730456829071,
            "Y": 0.5138437151908875
          },
          {
            "Type": "mouthLeft",
            "X": 0.41090190410614014,
            "Y": 0.5916271805763245
          },
          {
            "Type": "mouthRight",
            "X": 0.6071417331695557,
            "Y": 0.5870797038078308
          },
          {
            "Type": "leftPupil",
            "X": 0.41764846444129944,
            "Y": 0.41583451628685
          },
          {
            "Type": "rightPupil",
            "X": 0.5952419638633728,
            "Y": 0.41250887513160706
          },
          {
            "Type": "leftEyeBrowLeft",
            "X": 0.3474902808666229,
            "Y": 0.38363713026046753
          },
          {
            "Type": "leftEyeBrowUp",
            "X": 0.3967684507369995,
            "Y": 0.355184942483902
          },
          {
            "Type": "leftEyeBrowRight",
            "X": 0.4549541175365448,
            "Y": 0.3592827618122101
          },
          {
            "Type": "rightEyeBrowLeft",
            "X": 0.5657188296318054,
            "Y": 0.35665443539619446
          },
          {
            "Type": "rightEyeBrowUp",
            "X": 0.6183807253837585,
            "Y": 0.3503192067146301
          },
          {
            "Type": "rightEyeBrowRight",
            "X": 0.6627066135406494,
            "Y": 0.3743879199028015
          },
          {
            "Type": "leftEyeLeft",
            "X": 0.3820127844810486,
            "Y": 0.4192172586917877
          },
          {
            "Type": "leftEyeRight",
            "X": 0.4547852575778961,
            "Y": 0.41997089982032776
          },
          {
            "Type": "leftEyeUp",
            "X": 0.41845133900642395,
            "Y": 0.404911071062088
          },
          {
            "Type": "leftEyeDown",
            "X": 0.41828280687332153,
            "Y": 0.4272647500038147
          },
          {
            "Type": "rightEyeLeft",
            "X": 0.5584990382194519,
            "Y": 0.41910380125045776
          },
          {
            "Type": "rightEyeRight",
            "X": 0.630216658115387,
            "Y": 0.4155452251434326
          },
          {
            "Type": "rightEyeUp",
            "X": 0.5936083793640137,
            "Y": 0.401564359664917
          },
          {
            "Type": "rightEyeDown",
            "X": 0.5946406722068787,
            "Y": 0.4254953861236572
          },
          {
            "Type": "noseLeft",
            "X": 0.46986034512519836,
            "Y": 0.5337653756141663
          },
          {
            "Type": "noseRight",
            "X": 0.5589509010314941,
            "Y": 0.5320351123809814
          },
          {
            "Type": "mouthUp",
            "X": 0.5134497284889221,
            "Y": 0.5848636627197266
          },
          {
            "Type": "mouthDown",
            "X": 0.5117629766464233,
            "Y": 0.6501597762107849
          }
        ],
        "Pose": {
          "Roll": -1.8441517353057861,
          "Yaw": 8.937081336975098,
          "Pitch": 2.974442481994629
        },
        "Quality": {
          "Brightness": 60.69483947753906,
          "Sharpness": 99.98487854003906
        },
        "Confidence": 99.99989318847656
      }
    }
  ],
  "OrientationCorrection": "ROTATE_0"
}
